slug,nombre,marca,genero,familia_olfativa,notas_salida,notas_corazon,notas_fondo,precio_referencia,moneda,categoria_precio,imagen_url,link_afiliado,descripcion_corta,nicho_o_comercial
bleu-de-chanel-edp,Bleu de Chanel EDP,Chanel,masculino,amaderado aromatico,pomelo;menta;pimienta rosa,jengibre;nuez moscada;jazmin,sandalo;cedro;labdano,145,USD,premium,https://img.placeholder/bleu-de-chanel.jpg,https://afiliado.placeholder/bleu-de-chanel,Clasico moderno versatil para uso diario y oficina.,comercial
sauvage-edp,Sauvage EDP,Dior,masculino,aromatico fresco,bergamota de calabria,pimienta de sichuan;lavanda,ambroxan;cedro,150,USD,premium,https://img.placeholder/sauvage.jpg,https://afiliado.placeholder/sauvage,El mas vendido del mercado masculino; potencia y estela altas.,comercial
aventus,Aventus,Creed,masculino,afrutado amaderado,pina;bergamota;manzana negra,abedul;patchouli;jazmin,ambar gris;musgo de roble;vainilla,435,USD,lujo,https://img.placeholder/aventus.jpg,https://afiliado.placeholder/aventus,Ícono de estatus con salida afrutada ahumada muy imitada.,nicho
black-opium-edp,Black Opium EDP,Yves Saint Laurent,femenino,oriental gourmand,pera;mandarina;pimienta rosa,cafe;jazmin;flor de naranjo,vainilla;patchouli;cedro,140,USD,premium,https://img.placeholder/black-opium.jpg,https://afiliado.placeholder/black-opium,Gourmand adictivo con acorde de cafe reconocible al instante.,comercial
good-girl,Good Girl,Carolina Herrera,femenino,floral amaderado,almendra;cafe;bergamota,jazmin sambac;tuberosa;azucena,cacao;haba tonka;vainilla,135,USD,premium,https://img.placeholder/good-girl.jpg,https://afiliado.placeholder/good-girl,Frasco taco de aguja; dulzor floral intenso para noche.,comercial
baccarat-rouge-540-edp,Baccarat Rouge 540 EDP,Maison Francis Kurkdjian,unisex,ambarado floral,azafran;jazmin,flor de almendro;ambar gris,cedro;abeto,325,USD,lujo,https://img.placeholder/baccarat-rouge-540.jpg,https://afiliado.placeholder/baccarat-rouge-540,"El nicho mas viral en redes; mineral, dulce y unico.",nicho
santal-33,Santal 33,Le Labo,unisex,amaderado,cardamomo;iris;violeta,sandalo;cedro,cuero;ambar;almizcle,255,USD,nicho,https://img.placeholder/santal-33.jpg,https://afiliado.placeholder/santal-33,Amaderado ahumado de culto asociado a la escena hipster/urbana.,nicho
light-blue,Light Blue,Dolce & Gabbana,femenino,floral afrutado,limon siciliano;manzana verde,jazmin;rosa blanca,cedro;almizcle,110,USD,medio,https://img.placeholder/light-blue.jpg,https://afiliado.placeholder/light-blue,"Fresco mediterraneo, ideal para climas calidos y dia a dia.",comercial
la-vie-est-belle,La Vie Est Belle,Lancome,femenino,floral afrutado gourmand,pera;grosella negra,jazmin;azahar;iris,praline;vainilla;patchouli,130,USD,premium,https://img.placeholder/la-vie-est-belle.jpg,https://afiliado.placeholder/la-vie-est-belle,Dulzor de praline con base golosa; muy popular como regalo.,comercial
tobacco-vanille,Tobacco Vanille,Tom Ford,unisex,oriental especiado,tabaco;especias,vainilla;cacao;flor de tabaco,ron;madera de frutos secos,275,USD,lujo,https://img.placeholder/tobacco-vanille.jpg,https://afiliado.placeholder/tobacco-vanille,Denso y calido; referencia obligada del genero gourmand masculino.,nicho
acqua-di-gio-edt,Acqua di Gio EDT,Giorgio Armani,masculino,acuatico aromatico,notas marinas;bergamota;neroli,jazmin;romero;salvia serena,cedro almizclado;musgo de roble,120,USD,medio,https://img.placeholder/acqua-di-gio.jpg,https://afiliado.placeholder/acqua-di-gio,Acuatico clasico de los 90 que sigue vigente en verano.,comercial
delina,Delina,Parfums de Marly,femenino,floral afrutado,ruibarbo;lichi,peonia;rosa turca;muguete,almizcle;vainilla,320,USD,lujo,https://img.placeholder/delina.jpg,https://afiliado.placeholder/delina,Floral rosado cremoso con gran proyeccion; favorito de nicho femenino.,nicho
oud-wood,Oud Wood,Tom Ford,unisex,amaderado,cardamomo;pimienta china,oud;sandalo;palo de rosa,vainilla;ambar,320,USD,lujo,https://img.placeholder/oud-wood.jpg,https://afiliado.placeholder/oud-wood,"Interpretacion occidental del oud, suave y elegante sin ser abrumador.",nicho
molecule-01,Molecule 01,Escentric Molecules,unisex,almizclado mineral,iso e super,iso e super,iso e super,145,USD,nicho,https://img.placeholder/molecule-01.jpg,https://afiliado.placeholder/molecule-01,Fragancia de una sola molecula; huele distinto segun la piel.,nicho
j-adore-edp,J'adore EDP,Dior,femenino,floral,mandarina;bergamota,jazmin;rosa damascena;ylang ylang,almizcle blanco,145,USD,premium,https://img.placeholder/jadore.jpg,https://afiliado.placeholder/jadore,"Floral luminoso y clasico, imagen de elegancia atemporal.",comercial
interlude-man,Interlude Man,Amouage,masculino,oriental especiado,incienso;bergamota,clavo;canela;lavanda,ambar;cuero;vainilla,340,USD,lujo,https://img.placeholder/interlude-man.jpg,https://afiliado.placeholder/interlude-man,Compleja tormenta de especias e incienso; para quien busca intensidad.,nicho
flowerbomb,Flowerbomb,Viktor & Rolf,femenino,floral oriental,bergamota;te verde,jazmin;rosa centifolia;orquidea,pachuli;vainilla;ambar,135,USD,premium,https://img.placeholder/flowerbomb.jpg,https://afiliado.placeholder/flowerbomb,"Explosion floral dulce muy longeva, ideal para eventos.",comercial
le-male,Le Male,Jean Paul Gaultier,masculino,aromatico fougere,menta;lavanda;bergamota,canela;comino,vainilla;sandalo;ambar,105,USD,medio,https://img.placeholder/le-male.jpg,https://afiliado.placeholder/le-male,Icono de los 90 con frasco de torso masculino; fresco y dulce a la vez.,comercial
portrait-of-a-lady,Portrait of a Lady,Frederic Malle,femenino,oriental especiado,frambuesa;canela,rosa turca;clavo,pachuli;sandalo;incienso,385,USD,lujo,https://img.placeholder/portrait-of-a-lady.jpg,https://afiliado.placeholder/portrait-of-a-lady,"Rosa oscura y especiada, opulenta y poco convencional.",nicho
angel-edp,Angel EDP,Mugler,femenino,oriental gourmand,mandarina;melocoton,miel;praline;flor de azahar,chocolate;patchouli;vainilla,120,USD,medio,https://img.placeholder/angel.jpg,https://afiliado.placeholder/angel,Pionero del gourmand en los 90; algodon de azucar con pachuli terroso.,comercial
layton,Layton,Parfums de Marly,masculino,aromatico fougere,manzana;bergamota;lavanda,geranio;canela violeta,vainilla;sandalo;haba tonka,325,USD,lujo,https://img.placeholder/layton.jpg,https://afiliado.placeholder/layton,"Dulce y elegante, uno de los nicho masculinos mas recomendados en foros.",nicho
ck-one,CK One,Calvin Klein,unisex,citrico fresco,bergamota;limon;piña,te verde;jazmin;violeta,almizcle;ambar;sandalo,60,USD,económico,https://img.placeholder/ck-one.jpg,https://afiliado.placeholder/ck-one,"Unisex accesible y fresco, punto de entrada clasico a la perfumeria.",comercial
green-irish-tweed,Green Irish Tweed,Creed,masculino,aromatico fresco,limon;verbena,violeta;muguete,ambroxan;sandalo,220,USD,premium,https://img.placeholder/green-irish-tweed.jpg,https://afiliado.placeholder/green-irish-tweed,Fresco verde elegante con culto de fans desde los 80.,nicho
coco-mademoiselle-edp,Coco Mademoiselle EDP,Chanel,femenino,oriental floral,naranja;bergamota,rosa;jazmin;lichi,pachuli;vainilla;almizcle blanco,150,USD,premium,https://img.placeholder/coco-mademoiselle.jpg,https://afiliado.placeholder/coco-mademoiselle,Chic y versatil; equilibrio entre fresco y oriental.,comercial
a-men,A*Men,Mugler,masculino,amaderado gourmand,menta;lavanda,canela;cafe,patchouli;chocolate;vainilla,110,USD,medio,https://img.placeholder/a-men.jpg,https://afiliado.placeholder/a-men,Version masculina de Angel; gourmand oscuro y contundente.,comercial
reflection-man,Reflection Man,Amouage,masculino,floral amaderado,bergamota;romero,geranio;jazmin;rosa,sandalo;cedro;almizcle,300,USD,lujo,https://img.placeholder/reflection-man.jpg,https://afiliado.placeholder/reflection-man,"Floral masculino sofisticado, poco comun y muy elegante.",nicho
miss-dior-edp,Miss Dior EDP,Dior,femenino,floral chipre,mandarina;bayas rosas,peonia;rosa centifolia;lirio de los valles,pachuli;almizcle,150,USD,premium,https://img.placeholder/miss-dior.jpg,https://afiliado.placeholder/miss-dior,"Romantico y fresco, actualizacion moderna de un clasico chipre.",comercial
fucking-fabulous,Fucking Fabulous,Tom Ford,unisex,almizclado amaderado,coñac,lavanda;almizcle,vainilla;madera de sandalo,290,USD,lujo,https://img.placeholder/fucking-fabulous.jpg,https://afiliado.placeholder/fucking-fabulous,Almizcle cremoso y sensual con nombre provocador; culto en redes.,nicho
terre-d-hermes-edt,Terre d'Hermes EDT,Hermes,masculino,amaderado especiado,pomelo;naranja,pimienta;geranio,vetiver;cedro;patchouli,135,USD,premium,https://img.placeholder/terre-dhermes.jpg,https://afiliado.placeholder/terre-dhermes,"Mineral y terroso, referencia de elegancia francesa masculina.",comercial
kirke,Kirke,Aesop,unisex,floral verde,cilantro;incienso,geranio;jazmin,vetiver;cedro;musgo,195,USD,nicho,https://img.placeholder/kirke.jpg,https://afiliado.placeholder/kirke,"Verde inusual y sofisticado, coherente con la estetica minimalista de Aesop.",nicho
bombshell,Bombshell,Victoria's Secret,femenino,floral afrutado,notas de frutas del pasion;pina,peonia;magnolia,madera de cedro;almizcle,80,USD,económico,https://img.placeholder/bombshell.jpg,https://afiliado.placeholder/bombshell,"Frutal luminoso y accesible, ideal como primer perfume femenino.",comercial
herod,Herod,Parfums de Marly,masculino,ambarado especiado,cardamomo;canela,tabaco;azafran,vainilla;haba tonka;ambar,340,USD,lujo,https://img.placeholder/herod.jpg,https://afiliado.placeholder/herod,"Oriental potente y dulce, favorito de invierno en comunidades de nicho.",nicho
wood-sage-sea-salt,Wood Sage & Sea Salt,Jo Malone,unisex,amaderado acuatico,notas de ambar gris;sal marina,salvia,madera a la deriva;musgo,155,USD,premium,https://img.placeholder/wood-sage-sea-salt.jpg,https://afiliado.placeholder/wood-sage-sea-salt,"Minimalista y evocador de playa, muy popular entre quienes buscan discrecion.",nicho
idole-edp,Idole EDP,Lancome,femenino,floral almizclado,bergamota,rosa;jazmin,almizcle blanco;vainilla,120,USD,medio,https://img.placeholder/idole.jpg,https://afiliado.placeholder/idole,Floral limpio y moderno pensado para uso diario.,comercial
1-million,1 Million,Paco Rabanne,masculino,amaderado especiado,pomelo;menta,canela;especias;rosa,cuero;patchouli;ambar,105,USD,medio,https://img.placeholder/1-million.jpg,https://afiliado.placeholder/1-million,"Dulce y golden, uno de los mas reconocibles a nivel mundial por su frasco.",comercial
musc-ravageur,Musc Ravageur,Frederic Malle,unisex,ambarado almizclado,lavanda;bergamota;mandarina,canela;clavo,almizcle;vainilla;ambar,340,USD,lujo,https://img.placeholder/musc-ravageur.jpg,https://afiliado.placeholder/musc-ravageur,"Sensual y calido, considerado un clasico moderno del genero unisex.",nicho
chance-eau-tendre,Chance Eau Tendre,Chanel,femenino,floral afrutado,quinoa;toronja,peonia;jazmin,ambar blanco;almizcle,140,USD,premium,https://img.placeholder/chance-eau-tendre.jpg,https://afiliado.placeholder/chance-eau-tendre,"Suave y romantico, de los mas vendidos de la casa Chanel.",comercial
le-labo-another-13,Le Labo Another 13,Le Labo,unisex,almizclado marino,notas de ambar gris,jazmin,almizcle;sandalo;incienso,250,USD,nicho,https://img.placeholder/another-13.jpg,https://afiliado.placeholder/another-13,"Version de culto de la molecula ambroxan; huele a ""piel limpia"" carisimatica.",nicho
stronger-with-you,Stronger With You,Emporio Armani,masculino,aromatico especiado,pomelo rosa;pimienta rosa,lavanda;salvia,vainilla;haba tonka;avellana,95,USD,económico,https://img.placeholder/stronger-with-you.jpg,https://afiliado.placeholder/stronger-with-you,"Calido y accesible, buena puerta de entrada a los orientales dulces.",comercial
silver-mountain-water,Silver Mountain Water,Creed,unisex,afrutado verde,bergamota;te verde;grosella negra,peonia;musgo verde,sandalo;almizcle,240,USD,premium,https://img.placeholder/silver-mountain-water.jpg,https://afiliado.placeholder/silver-mountain-water,"Fresco y elegante, favorito en climas calidos entre conocedores.",nicho
libre-edp,Libre EDP,Yves Saint Laurent,femenino,floral aromatico,lavanda;mandarina,flor de azahar;jazmin,vainilla;madera de cachemira;almizcle,140,USD,premium,https://img.placeholder/libre.jpg,https://afiliado.placeholder/libre,"Contraste entre lavanda fresca y vainilla calida, muy popular actualmente.",comercial
erba-pura,Erba Pura,Xerjoff,unisex,afrutado citrico,piña;bergamota;mandarina,jazmin;flor de azahar,almizcle;vainilla,280,USD,lujo,https://img.placeholder/erba-pura.jpg,https://afiliado.placeholder/erba-pura,"Tropical y dulce, viral en redes por su salida a piña fresca.",nicho
y-edp,Y EDP,Yves Saint Laurent,masculino,amaderado aromatico,manzana;bergamota,salvia;geranio,haba tonka;vetiver;ambar,130,USD,premium,https://img.placeholder/y-edp.jpg,https://afiliado.placeholder/y-edp,"Fresco amaderado versatil, buen equilibrio precio-calidad en gama premium.",comercial
nishane-hacivat,Nishane Hacivat,Nishane,unisex,afrutado amaderado,pera;bergamota,pistacho;iris,almizcle;madera de cedro,250,USD,nicho,https://img.placeholder/hacivat.jpg,https://afiliado.placeholder/hacivat,Gourmand seco con nota de pistacho poco comun; distintivo turco de culto.,nicho
bombe-extreme,Bombe Extreme,Ariana Grande,femenino,floral gourmand,frambuesa;pera,jazmin;flor de cerezo,vainilla;praline;almizcle,55,USD,económico,https://img.placeholder/bombe-extreme.jpg,https://afiliado.placeholder/bombe-extreme,"Dulce y economico, muy popular entre publico joven.",comercial
fucking-beautiful,Fucking Beautiful,Tom Ford,unisex,floral almizclado,jazmin;neroli,violeta;flor de azahar,almizcle blanco;madera de sandalo,300,USD,lujo,https://img.placeholder/fucking-beautiful.jpg,https://afiliado.placeholder/fucking-beautiful,"Limpio y luminoso, pensado como companero unisex de Fucking Fabulous.",nicho
eros,Eros,Versace,masculino,aromatico afrutado,menta;manzana verde,tonka;geranio;salvia,vainilla;cedro;vetiver,95,USD,económico,https://img.placeholder/eros.jpg,https://afiliado.placeholder/eros,"Dulce y potente, uno de los favoritos para salir de noche.",comercial
ambre-nuit,Ambre Nuit,Christian Dior (Maison Christian Dior),unisex,ambarado,manzana;bergamota,rosa;canela,ambar;benjui;patchouli,290,USD,lujo,https://img.placeholder/ambre-nuit.jpg,https://afiliado.placeholder/ambre-nuit,Ambar clasico envolvente ideal para climas frios.,nicho
good-girl-gone-bad,Good Girl Gone Bad,Kilian,femenino,floral afrutado,mandarina;jazmin sambac,jazmin;flor de azahar,almizcle;madera de sandalo,325,USD,lujo,https://img.placeholder/good-girl-gone-bad.jpg,https://afiliado.placeholder/good-girl-gone-bad,"Floral blanco sensual, en frasco recargable de lujo.",nicho
versace-pour-homme,Versace Pour Homme,Versace,masculino,aromatico fresco,limon;bergamota;ciruela,geranio;clary sage,almizcle;madera de cedro;caoba,90,USD,económico,https://img.placeholder/versace-pour-homme.jpg,https://afiliado.placeholder/versace-pour-homme,Fresco clasico y accesible para uso diario en climas calidos.,comercial
