id,slug,brand,name,concentration,gender,family,subfamily,launch_year,perfumer,country,description,top_notes,middle_notes,base_notes,accords,season,occasion,longevity,sillage,price_segment,amazon_url,source_url,image_url,image_source,affiliate_status,source_verified,data_confidence,visual_quality,review_status,seo_title,seo_description,status,notes,created_at,updated_at,reject_reason,catalog_relation,quality_status
9,daisy-edt,Marc Jacobs,Daisy,EDT,femenino,pending,pending,2007,Alberto Morillas,Estados Unidos,"Fresco floral juvenil; frasco icónico con tapa de margaritas, ícono de la marca.",hoja de violeta;pomelo;fresa silvestre,violeta;gardenia;jazmin,almizcle blanco;notas amaderadas;vainilla,,,,pending,pending,pending,pending,https://www.fragrantica.com/perfume/Marc-Jacobs/Daisy-1361.html;https://www.marcjacobs.com/us-en/daisy-eau-de-toilette-100-ml/31655513034.html,pending,pending,no-applicable,true,medium,not-audited,pending,Marc Jacobs Daisy,"Fresco floral juvenil; frasco icónico con tapa de margaritas, ícono de la marca.",draft,Family no confirmada con clasificación formal en ninguna fuente. Variación menor de traducción entre fuentes en 'fresa'/'fresa silvestre' — se usó la más específica. price_segment sin fuente confiable.,2026-08-07,2026-08-07,Fila con errores de validación bloqueantes en campos críticos (ver reporte de validate.mjs),NEW,REJECTED
13,boss-bottled-edt,Hugo Boss,Boss Bottled,EDT,masculino,oriental fougere,pending,1998,Annick Ménardo; Christian Dussoulier,Alemania,Fougère oriental clásico masculino; uno de los más reconocibles de la marca desde los 90.,,,,ciruela;musgo de roble;manzana;limon;bergamota;geranio;caoba;clavo;canela;sandalo;oliva;vainilla;vetiver,,,pending,pending,pending,pending,https://www.fragrantica.com/perfume/Hugo-Boss/Boss-Bottled-383.html,pending,pending,no-applicable,true,low,not-audited,pending,Hugo Boss Boss Bottled,Fougère oriental clásico masculino; uno de los más reconocibles de la marca desde los 90.,draft,"CONFLICTO DE PIRÁMIDE NO RESUELTO: dos versiones de la pirámide top/middle/base aparecieron en fuentes secundarias con inconsistencias entre sí (una incluye musgo de roble/ámbar/almizcle en base, otra no). Se optó por NO forzar ninguna de las dos versiones conflictivas como definitiva — se registró la unión de notas mencionadas como 'accords' sin nivel, y top/middle/base quedan pending hasta re-verificación directa contra fuente única confiable. Requiere segunda pasada dedicada si se prioriza este registro.",2026-08-07,2026-08-07,Fila con errores de validación bloqueantes en campos críticos (ver reporte de validate.mjs),NEW,REJECTED
14,chloe-edp,Chloé,Chloé,EDP,femenino,pending,pending,2008,Amandine Clerc-Marie; Michel Almairac,Francia,Floral rosado epónimo de la maison; elegancia parisina en un frasco icónico color rosa pálido.,peonia;lichi;fresia,rosa;lirio de los valles;magnolia,cedro de virginia;ambar,,,,pending,pending,pending,pending,https://www.fragrantica.com/perfume/Chloe/Chloe-Eau-de-Parfum-1733.html;https://www.chloe.com/us/fragrance_cod46467853gk.html,pending,pending,no-applicable,true,medium,not-audited,pending,Chloé Chloé,Floral rosado epónimo de la maison; elegancia parisina en un frasco icónico color rosa pálido.,draft,Family no confirmada con clasificación formal en ninguna fuente. price_segment sin fuente confiable.,2026-08-07,2026-08-07,Fila con errores de validación bloqueantes en campos críticos (ver reporte de validate.mjs),NEW,REJECTED
18,philosykos-edt,Diptyque,Philosykos,EDT,unisex,pending,pending,1996,pending,Francia,"Verde acuoso de higuera; evoca el mediterráneo con hoja, savia y madera de higuera.",,,,hoja de higuera;savia de higuera;madera de higuera;pimienta negra,,,pending,pending,premium,pending,https://us.diptyqueparis.com/en-us/products/eau-de-toilette-philosykos-philo100v2,pending,pending,no-applicable,true,high,not-audited,pending,Diptyque Philosykos,"Verde acuoso de higuera; evoca el mediterráneo con hoja, savia y madera de higuera.",draft,"Confirmado en sitio oficial: Diptyque NO separa por niveles top/middle/base para este producto — publica lista plana de 4 notas. Se preserva esa realidad, no se fuerza pirámide. Precio confirmado oficial: $145/50ml, $195/100ml.",2026-08-07,2026-08-07,Fila con errores de validación bloqueantes en campos críticos (ver reporte de validate.mjs),NEW,REJECTED
19,do-son-edt,Diptyque,Do Son,EDT,femenino,pending,pending,2005,pending,Francia,"Floral blanco marino; tuberosa sobre brisa de mar, evocando el jardín natal de sus fundadores en Vietnam.",,,,tuberosa;jazmin;azahar,,,pending,pending,pending,pending,https://www.diptyqueparis.com/en_us/p/do-son-eau-de-toilette-1.html,pending,pending,no-applicable,true,medium,not-audited,pending,Diptyque Do Son,"Floral blanco marino; tuberosa sobre brisa de mar, evocando el jardín natal de sus fundadores en Vietnam.",draft,"Confirmado en sitio oficial: sin pirámide por niveles, descripción narrativa de 3 notas. Existe también versión EDP, distinta — se registró específicamente EDT. price_segment sin precio confiable capturado.",2026-08-07,2026-08-07,Fila con errores de validación bloqueantes en campos críticos (ver reporte de validate.mjs),NEW,REJECTED
22,ambre-sultan-edp,Serge Lutens,Ambre Sultan,EDP,unisex,pending,pending,1993,pending,Francia,"Ambarado herbal especiado; una de las composiciones más veneradas de Serge Lutens, sin concesión a la dulzura fácil.",,,,resinas;ambar;laurel;mirra;benjui;sandalo;vainilla;cilantro;oregano;pachuli;angelica;mirto,,,pending,pending,pending,pending,https://sergelutens.com/products/ambre-sultan-eau-de-parfum-spray,pending,pending,no-applicable,true,low,not-audited,pending,Serge Lutens Ambre Sultan,"Ambarado herbal especiado; una de las composiciones más veneradas de Serge Lutens, sin concesión a la dulzura fácil.",draft,"El sitio oficial NO publica desglose de notas para este producto. La lista de notas (sin pirámide, sin niveles) proviene únicamente de fuentes secundarias (Fragrantica/Parfumo), no confirmada en oficial — perfumer (Christopher Sheldrake) tampoco confirmado en oficial. data_confidence bajo por depender enteramente de fuente secundaria para notas y perfumista.",2026-08-07,2026-08-07,Fila con errores de validación bloqueantes en campos críticos (ver reporte de validate.mjs),NEW,REJECTED
25,halfeti-edp,Penhaligon's,Halfeti,EDP,unisex,pending,pending,2015,pending,Reino Unido,Oriental amaderado inspirado en la ciudad turca sumergida de Halfeti; rosa búlgara sobre oud y cuero.,hoja de ciprés;azafran;cardamomo;artemisa;bergamota;pomelo,rosa bulgara;nuez moscada;jazmin,agarwood (oud);cedro;cuero;sandalo;ambar;haba tonka;vainilla;almizcle,,,,pending,pending,pending,pending,https://www.fragrantica.com/perfume/Penhaligon-s/Halfeti-31396.html,pending,pending,no-applicable,true,low,not-audited,pending,Penhaligon's Halfeti,Oriental amaderado inspirado en la ciudad turca sumergida de Halfeti; rosa búlgara sobre oud y cuero.,draft,"No se accedió a penhaligons.com directamente en esta investigación — todos los datos (family, launch_year, perfumer, notas) provienen únicamente de Fragrantica, fuente secundaria. data_confidence bajo por falta de confirmación en fuente oficial.",2026-08-07,2026-08-07,Fila con errores de validación bloqueantes en campos críticos (ver reporte de validate.mjs),NEW,REJECTED
30,angels-share-edp,By Kilian,Angels' Share,EDP,unisex,pending,pending,2020,Benoist Lapouza,Francia,Gourmand amaderado de la colección 'The Liquors'; cognac y roble evocando una bodega de añejamiento.,cognac,roble;canela,haba tonka;sandalo,,,,pending,pending,lujo,pending,https://www.bykilian.com/product/19797/82905/perfume/angels-share/the-liquors,pending,pending,no-applicable,true,medium,not-audited,pending,By Kilian Angels' Share,Gourmand amaderado de la colección 'The Liquors'; cognac y roble evocando una bodega de añejamiento.,draft,"Pirámide de 5 notas confirmada en sitio oficial (coexiste con un resumen de 3 'notas principales': cognac, haba tonka, roble). Nombre del perfumista aparece con dos grafías distintas en el propio sitio ('Benoist Lapouza' en créditos formales, 'Benoit Lapouza' en otra sección) — se usó la grafía de la sección de créditos. launch_year de fuente secundaria (Fragrantica), no confirmado en oficial. price_segment sin precio unitario claro capturado (sitio muestra múltiples formatos sin precio único).",2026-08-07,2026-08-07,Fila con errores de validación bloqueantes en campos críticos (ver reporte de validate.mjs),NEW,REJECTED
32,eau-rose-edt,Diptyque,Eau Rose,EDT,femenino,pending,pending,2012,pending,Francia,Floral rosado luminoso; rosa damascena y centifolia con un giro afrutado de lichi.,,,,rosa damascena;rosa centifolia;acorde de lichi;ambroxan,,,pending,pending,pending,pending,https://www.diptyqueparis.com/en_us/p/eau-de-toilette-eau-rose-50ml-1.html,pending,pending,no-applicable,true,medium,not-audited,pending,Diptyque Eau Rose,Floral rosado luminoso; rosa damascena y centifolia con un giro afrutado de lichi.,draft,"Confirmado en sitio oficial: sin pirámide por niveles, lista plana de 4 notas principales. Existe también versión EDP, distinta — se registró específicamente EDT. price_segment sin precio confiable capturado.",2026-08-07,2026-08-07,Fila con errores de validación bloqueantes en campos críticos (ver reporte de validate.mjs),NEW,REJECTED
36,bat-extrait,Zoologist Perfumes,Bat,Extrait,unisex,pending,pending,2020,Prin Lomros,Canada,Extrait inspirado en cuevas tropicales; higo y fruta de la pasión sobre acordes minerales y de cuero.,higo;fruta de la pasion;guayaba rosada;acorde de tierra,heno;incienso;minerales;jazmin nocturno,notas animalicas (sinteticas);cuero (sintetico);piedras musgosas;madera de teca;vetiver,,,,pending,pending,lujo,pending,https://www.zoologistperfumes.com/products/zoologist-bat-deluxe-bottle,pending,pending,no-applicable,true,high,not-audited,pending,Zoologist Perfumes Bat,Extrait inspirado en cuevas tropicales; higo y fruta de la pasión sobre acordes minerales y de cuero.,draft,"CORRECCIÓN DE CONCENTRACIÓN: el encargo original pedía 'Eau de Parfum', pero el sitio oficial confirma que la edición vigente (2020) es Extrait de Parfum al 20%, no EDP — se registró la concentración real. Existe una versión original de 2015 descontinuada con perfumista distinto (Ellen Covey) y notas diferentes — se registró la edición 2020 vigente. La marca aclara explícitamente que no usa productos animales pese a los nombres de notas 'animalic'/'leather'. Precio oficial confirmado: $200/60ml.",2026-08-07,2026-08-07,Fila con errores de validación bloqueantes en campos críticos (ver reporte de validate.mjs),NEW,REJECTED
37,bleu-de-chanel-parfum,Chanel,Bleu de Chanel,Parfum,masculino,pending,pending,2018,Olivier Polge,Francia,Versión Parfum del icónico Bleu de Chanel; mayor intensidad y persistencia que la EDT y EDP.,ralladura de limon;bergamota;menta;artemisa,lavanda;piña;geranio;notas verdes,sandalo;cedro;madera ambarada;iso e super;haba tonka,,,,pending,pending,lujo,pending,https://www.fragrantica.com/perfume/Chanel/Bleu-de-Chanel-Parfum-49912.html,pending,pending,no-applicable,true,medium,not-audited,pending,Chanel Bleu de Chanel,Versión Parfum del icónico Bleu de Chanel; mayor intensidad y persistencia que la EDT y EDP.,draft,"VARIANTE RELACIONADA: 'Bleu de Chanel EDP' ya existe en el catálogo baseline (PERFUMES_INITIAL_50.csv) — este es un producto DISTINTO, concentración Parfum lanzada en 2018 (posterior a EDT 2010 y EDP 2014). No se fusionó con el registro existente. Datos de Fragrantica (secundaria) — no se accedió a chanel.com directamente. Family sin clasificación formal confirmada.",2026-08-07,2026-08-07,Fila con errores de validación bloqueantes en campos críticos (ver reporte de validate.mjs),RELATED_VARIANT,REJECTED
41,coco-mademoiselle-edp,Chanel,Coco Mademoiselle,EDP,femenino,pending,pending,2001,Jacques Polge,Francia,Oriental fresco icónico; reinterpretación juvenil del espíritu Chanel para el nuevo milenio.,bergamota;naranja;pomelo,rosa;lichi;jazmin,pachuli;vainilla;almizcle;vetiver,,,,pending,pending,premium,pending,https://www.fragrantica.com/perfume/Chanel/Coco-Mademoiselle-611.html,pending,pending,no-applicable,true,medium,not-audited,pending,Chanel Coco Mademoiselle,Oriental fresco icónico; reinterpretación juvenil del espíritu Chanel para el nuevo milenio.,draft,No se accedió a chanel.com directamente en esta investigación — datos de Fragrantica (secundaria). Family sin clasificación formal confirmada.,2026-08-07,2026-08-07,Fila con errores de validación bloqueantes en campos críticos (ver reporte de validate.mjs),NEW,REJECTED
42,luna-rossa-edt,Prada,Luna Rossa,EDT,masculino,fougere aromatico,pending,2012,pending,Italia,"Fougère aromático fresco; lavanda y menta verde sobre ámbar, inspirado en las velas de competición.",,,,lavanda;menta verde (spearmint);ambar,,,pending,pending,pending,pending,https://www.prada-beauty.com/fragrance/luna-rossa/luna-rossa-eau-de-toilette/MPL01360.html,pending,pending,no-applicable,true,medium,not-audited,pending,Prada Luna Rossa,"Fougère aromático fresco; lavanda y menta verde sobre ámbar, inspirado en las velas de competición.",draft,"Confirmado en sitio oficial: NO publica pirámide con niveles, solo describe 3 ingredientes en prosa (lavanda, menta verde, ámbar) — se preservan como accords sin nivel, no se fuerza pirámide. Una fuente secundaria (Fragrantica, no verificada directamente) añade una pirámide más completa (top: lavender absolute/bitter orange; heart: clary sage; base: ambrette/ambroxan) — no se usó por no estar confirmada en esta pasada. Precio oficial confirmado: $136/100ml.",2026-08-07,2026-08-07,Fila con errores de validación bloqueantes en campos críticos (ver reporte de validate.mjs),NEW,REJECTED
43,signorina-edp,Salvatore Ferragamo,Signorina,EDP,femenino,pending,pending,2011,Sophie Labbé; Juliette Karagueuzoglou,Italia,Floral afrutado juvenil; pera y grosella negra sobre un fondo cremoso de panna cotta.,grosella negra;pimienta rosa,jazmin;peonia;rosa,almizcle;panna cotta;pachuli,,,,pending,pending,pending,pending,https://www.fragrantica.com/perfume/Salvatore-Ferragamo/Signorina-13639.html,pending,pending,no-applicable,true,medium,not-audited,pending,Salvatore Ferragamo Signorina,Floral afrutado juvenil; pera y grosella negra sobre un fondo cremoso de panna cotta.,draft,"No se pudo acceder a ferragamo.com directamente (contenido cargado por JS, no renderizó datos de producto en el fetch) — datos de Fragrantica (secundaria). price_segment sin precio confiable.",2026-08-07,2026-08-07,Fila con errores de validación bloqueantes en campos críticos (ver reporte de validate.mjs),NEW,REJECTED
44,leau-dissey-pour-homme-edt,Issey Miyake,L'Eau d'Issey Pour Homme,EDT,masculino,pending,pending,1994,pending,Francia,"Acuático amaderado masculino; contraparte del icónico L'Eau d'Issey femenino, cítricos sobre maderas limpias.",yuzu;limon;bergamota;verbena de limon;mandarina;cipres;calone;cilantro;salvia;estragon,loto azul;lirio de los valles;nuez moscada;geranio bourbon;azafran;canela de ceylan;mignonette,vetiver tahitiano;almizcle;cedro;sandalo;ambar;tabaco,,,,pending,pending,medio,pending,https://www.fragrantica.com/perfume/Issey-Miyake/L-Eau-d-Issey-Pour-Homme-721.html,pending,pending,no-applicable,true,low,not-audited,pending,Issey Miyake L'Eau d'Issey Pour Homme,"Acuático amaderado masculino; contraparte del icónico L'Eau d'Issey femenino, cítricos sobre maderas limpias.",draft,"CONFLICTO DE ATRIBUCIÓN NO RESUELTO: la fuente atribuye la fragancia a Jacques Cavallier Belletrud, inconsistente con la fecha de lanzamiento 1994 según referencias estándar de la industria — no se pudo confirmar en sitio oficial issey-miyake-parfums.com. Se deja perfumer pending por esta duda, no se registra el nombre dudoso. data_confidence bajo.",2026-08-07,2026-08-07,Fila con errores de validación bloqueantes en campos críticos (ver reporte de validate.mjs),NEW,REJECTED
45,amen-edt,Mugler,A*Men,EDT,masculino,ambarado gourmand,pending,1996,Jacques Huclier,Francia,"Ambarado gourmand pionero; café y pachulí sobre vainilla bourbon, primera fragancia masculina de la casa.",,,,pachuli;absoluto abstracto de cafe;lavanda;notas ahumadas y amaderadas;vainilla bourbon,,,pending,pending,pending,pending,https://www.mugler.com/fragrance/mens-fragrances/a-men/a-men-eau-de-toilette/M020101024.html,pending,pending,no-applicable,true,medium,not-audited,pending,Mugler A*Men,"Ambarado gourmand pionero; café y pachulí sobre vainilla bourbon, primera fragancia masculina de la casa.",draft,"Confirmado en sitio oficial: NO publica pirámide top/middle/base — describe la fragancia en prosa continua. Se registraron las notas explícitamente mencionadas como 'key notes' en accords, sin forzar niveles. price_segment sin precio confiable capturado.",2026-08-07,2026-08-07,Fila con errores de validación bloqueantes en campos críticos (ver reporte de validate.mjs),NEW,REJECTED
46,phantom-edt,Rabanne,Phantom,EDT,masculino,pending,pending,2021,Anne Flipo; Dominique Ropion; Loc Dong; Juliette Karagueuzoglou,Francia,Amaderado tecnológico con lavanda y manzana; frasco futurista en forma de altavoz inteligente.,lavanda;ralladura de limon;limon amalfi,lavanda;manzana;pachuli;humo;notas terrosas,vainilla;lavanda;vetiver,,,,pending,pending,pending,pending,https://www.fragrantica.com/news/,pending,pending,no-applicable,true,medium,not-audited,pending,Rabanne Phantom,Amaderado tecnológico con lavanda y manzana; frasco futurista en forma de altavoz inteligente.,draft,"No se accedió a rabanne.com directamente — fuente secundaria únicamente (Fragrantica vía WWD). URL de source_url es genérica de noticias, no ficha de producto directa — marcado para que Code re-verifique con URL específica de ficha si es posible. Equipo de 4 perfumistas confirmado por esa fuente secundaria. price_segment sin fuente confiable.",2026-08-07,2026-08-07,Fila con errores de validación bloqueantes en campos críticos (ver reporte de validate.mjs),NEW,REJECTED
47,loewe-001-woman-edp,Loewe,001 Woman,EDP,femenino,floral oriental,pending,2016,pending,Espana,"Floral oriental minimalista; jazmín y lino sobre almizcle, primera fragancia de la maison española.",,,,jazmin;lino;almizcle,,,pending,pending,pending,pending,https://www.loewe.com/usa/en/women/fragrance/loewe-001-woman-eau-de-parfum-50ml/P000487X04-0000.html,pending,pending,no-applicable,true,medium,not-audited,pending,Loewe 001 Woman,"Floral oriental minimalista; jazmín y lino sobre almizcle, primera fragancia de la maison española.",draft,"ACLARACIÓN DE IDENTIDAD: no existe un 'Loewe 001' único unisex — el catálogo oficial separa 001 Woman y 001 Man (ambos EDP, 2016), más una '001 Eau de Cologne' unisex distinta (2019). Se registraron Woman y Man como dos filas separadas en vez de forzar una identidad única falsa. Sitio oficial no publica pirámide con niveles — lista plana de 3 notas. Perfumista y price_segment NO VERIFICADOS.",2026-08-07,2026-08-07,Fila con errores de validación bloqueantes en campos críticos (ver reporte de validate.mjs),NEW,REJECTED
48,loewe-001-man-edp,Loewe,001 Man,EDP,masculino,amaderado almizclado,pending,2016,pending,Espana,Amaderado almizclado minimalista; semilla de zanahoria y ciprés sobre almizcle limpio.,,,,almizcle;semilla de zanahoria;cipres,,,pending,pending,pending,pending,https://www.loewe.com/usa/en/men/fragrances/loewe-001-man-eau-de-parfum-50-ml/P000487X03-0000.html,pending,pending,no-applicable,true,medium,not-audited,pending,Loewe 001 Man,Amaderado almizclado minimalista; semilla de zanahoria y ciprés sobre almizcle limpio.,draft,Contraparte masculina de Loewe 001 Woman (ver notes de ese registro para la aclaración de identidad completa). Sitio oficial no publica pirámide con niveles — lista plana de 3 notas. Perfumista y price_segment NO VERIFICADOS.,2026-08-07,2026-08-07,Fila con errores de validación bloqueantes en campos críticos (ver reporte de validate.mjs),NEW,REJECTED
49,black-afgano-extrait,Nasomatto,Black Afgano,Extrait,unisex,pending,pending,2009,Alessandro Gualtieri,Italia,Extrait cannábico y resinoso de culto; una de las fragancias más controvertidas y buscadas del nicho underground.,cannabis;notas verdes;davana;azafran;tomillo,resinas;notas boscosas;tabaco;cafe;canela;frambuesa;violeta,agarwood (oud);incienso;ambar;notas animalicas;madera de guayaco;almizcle;cedro;haba tonka,,,,pending,pending,premium,pending,https://www.fragrantica.com/perfume/Nasomatto/Black-Afgano-6472.html,pending,pending,no-applicable,true,medium,not-audited,pending,Nasomatto Black Afgano,Extrait cannábico y resinoso de culto; una de las fragancias más controvertidas y buscadas del nicho underground.,draft,No se accedió a nasomatto.com directamente — datos de Fragrantica (secundaria) únicamente. Family sin clasificación formal confirmada. price_segment sin fuente confiable.,2026-08-07,2026-08-07,Fila con errores de validación bloqueantes en campos críticos (ver reporte de validate.mjs),NEW,REJECTED
50,new-york-signature-scent-pure-perfume,Bond No. 9,New York Signature Scent,Pure Perfume 30%,unisex,pending,pending,2009,pending,Estados Unidos,Pure perfume de altísima concentración creado para el 10º aniversario de la boutique NoHo; oud y rosa sobre musgo.,extracto de oud;rosa,habas tonka,almizcle,,,,pending,pending,lujo,pending,https://www.bondno9.com/products/new-york-signature-scent,pending,pending,no-applicable,true,medium,not-audited,pending,Bond No. 9 New York Signature Scent,Pure perfume de altísima concentración creado para el 10º aniversario de la boutique NoHo; oud y rosa sobre musgo.,draft,"CORRECCIÓN DE NOMBRE: el encargo original pedía 'Bond No. 9 — New York', pero 'New York' es el nombre de la ciudad/concepto de la marca, no un producto específico — no existe un perfume llamado simplemente así. El nombre real del producto es 'New York Signature Scent' (también aparece como 'Bond No. 9 Perfume'/'Bond No. 9 Perfume Oud' en fuentes más antiguas, posiblemente el mismo producto renombrado — señalado para que Code lo tenga en cuenta y evite duplicar si 'Bond No. 9 Perfume' aparece en otro batch). Concentración real es Pure Perfume al 30%, no EDP estándar — se registró tal cual. Family, perfumer y launch_year exacto no confirmados en fuente oficial (los tags 'Floral, Warm & Spicy, Woody & Earthy' del sitio son taxonomía de navegación/filtros de e-commerce, no ficha técnica formal — no se registraron como family verificada). Precio oficial confirmado: $490/100ml.",2026-08-07,2026-08-07,Fila con errores de validación bloqueantes en campos críticos (ver reporte de validate.mjs),NEW,REJECTED
