candidate_id,source_url,source_kind
c119,https://www.fragrantica.com/perfume/Bvlgari/Bvlgari-Man-In-Black-26358.html,trusted_secondary
c023,https://www.fragrantica.com/perfume/Valentino/Valentino-Uomo-Born-In-Roma-Intense-78740.html,trusted_secondary
c036,https://www.fragrantica.com/perfume/Givenchy/Gentleman-Eau-de-Parfum-Reserve-Priv-e-71272.html,trusted_secondary
c123,https://www.fragrantica.com/perfume/Azzaro/The-Most-Wanted-Parfum-73664.html,trusted_secondary
c125,https://www.fragrantica.com/perfume/Viktor-Rolf/Spicebomb-Extreme-30499.html,trusted_secondary
c015,https://www.fragrantica.com/perfume/Giorgio-Armani/Acqua-di-Gio-Profondo-59532.html,trusted_secondary
c017,https://www.fragrantica.com/perfume/Giorgio-Armani/Emporio-Armani-Stronger-With-You-Intensely-52802.html,trusted_secondary
c124,https://www.fragrantica.com/perfume/Azzaro/Wanted-by-Night-49144.html,trusted_secondary
c129,https://www.fragrantica.com/perfume/Narciso-Rodriguez/Musc-Noir-Rose-For-Her-71596.html,trusted_secondary
c025,https://www.fragrantica.com/perfume/Jean-Paul-Gaultier/Le-Beau-Le-Parfum-72158.html,trusted_secondary
c118,https://www.fragrantica.com/perfume/Acqua-di-Parma/Acqua-di-Parma-Blu-Mediterraneo-Fico-di-Amalfi-1687.html,trusted_secondary
c019,https://www.fragrantica.com/perfume/Prada/Luna-Rossa-Carbon-Eau-de-Toilette-43402.html,trusted_secondary
c021,https://www.fragrantica.com/perfume/Prada/Prada-L-Homme-39029.html,trusted_secondary
c027,https://www.fragrantica.com/perfume/Jean-Paul-Gaultier/Ultra-Male-30947.html,trusted_secondary
c130,https://www.fragrantica.com/perfume/Narciso-Rodriguez/Narciso-Rodriguez-for-Him-Bleu-Noir-Parfum-71783.html,trusted_secondary
c029,https://www.fragrantica.com/perfume/Paco-Rabanne/1-Million-Elixir-71708.html,trusted_secondary
c030,https://www.fragrantica.com/perfume/Versace/Versace-Pour-Homme-Dylan-Blue-40031.html,trusted_secondary
c117,https://www.fragrantica.com/perfume/Acqua-di-Parma/Essenza-di-Colonia-9829.html,trusted_secondary
c013,https://www.fragrantica.com/perfume/Yves-Saint-Laurent/MYSLF-Eau-de-Parfum-84094.html,trusted_secondary
c121,https://www.fragrantica.com/perfume/Carolina-Herrera/Bad-Boy-Cobalt-Parfum-Electrique-71888.html,trusted_secondary
c004,https://www.fragrantica.com/perfume/Chanel/Allure-Homme-Sport-607.html,trusted_secondary
c001,https://www.fragrantica.com/perfume/Hermes/H24-65147.html,trusted_secondary
c122,https://www.fragrantica.com/perfume/Carolina-Herrera/212-VIP-Black-46093.html,trusted_secondary
c128,https://www.fragrantica.com/perfume/Mugler/Alien-Goddess-68354.html,trusted_secondary
c006,https://www.fragrantica.com/perfume/Chanel/Egoiste-Platinum-614.html,trusted_secondary
c104,https://www.fragrantica.com/perfume/BDK-Parfums/Gris-Charnel-Extrait-73645.html,trusted_secondary
c039,https://www.fragrantica.com/perfume/Gucci/Guilty-Elixir-de-Parfum-pour-Homme-84547.html,trusted_secondary
c026,https://www.fragrantica.com/perfume/Jean-Paul-Gaultier/Le-Male-Elixir-81642.html,trusted_secondary
c097,https://www.fragrantica.com/perfume/Mancera/Intense-Cedrat-Boise-72796.html,trusted_secondary
c024,https://www.fragrantica.com/perfume/Valentino/Valentino-Uomo-Born-In-Roma-Coral-Fantasy-71761.html,trusted_secondary
c016,https://www.fragrantica.com/perfume/Giorgio-Armani/Acqua-di-Gio-Parfum-81508.html,trusted_secondary
c086,https://www.fragrantica.com/perfume/Roja-Dove/Elysium-Pour-Homme-Eau-Intense-81839.html,trusted_secondary
c018,https://www.fragrantica.com/perfume/Giorgio-Armani/Emporio-Armani-Stronger-With-You-Absolutely-64501.html,trusted_secondary
c020,https://www.fragrantica.com/perfume/Prada/Luna-Rossa-Black-48682.html,trusted_secondary
c028,https://www.fragrantica.com/perfume/Paco-Rabanne/Invictus-Victory-Elixir-78575.html,trusted_secondary
c035,https://www.fragrantica.com/perfume/Burberry/Hero-Parfum-90069.html,trusted_secondary
c053,https://www.fragrantica.com/perfume/Creed/Aventus-Cologne-51692.html,trusted_secondary
c005,https://www.fragrantica.com/perfume/Chanel/Allure-Homme-Sport-Eau-Extreme-14669.html,trusted_secondary
c008,https://www.fragrantica.com/perfume/Dior/Dior-Homme-Parfum-27417.html,trusted_secondary
c031,https://www.fragrantica.com/perfume/Versace/Eros-Flame-52180.html,trusted_secondary
c126,https://www.fragrantica.com/perfume/Viktor-Rolf/Spicebomb-Infrared-66514.html,trusted_secondary
c014,https://www.fragrantica.com/perfume/Yves-Saint-Laurent/MYSLF-Le-Parfum-94983.html,trusted_secondary
c050,https://www.fragrantica.com/perfume/Parfums-de-Marly/Pegasus-Exclusif-63100.html,trusted_secondary
c002,https://www.fragrantica.com/perfume/Hermes/H24-Eau-de-Parfum-75811.html,trusted_secondary
c012,https://www.fragrantica.com/perfume/Yves-Saint-Laurent/Y-Le-Parfum-64718.html,trusted_secondary
c022,https://www.fragrantica.com/perfume/Prada/Prada-L-Homme-Intense-45396.html,trusted_secondary
c059,https://www.fragrantica.com/perfume/Xerjoff/Erba-Gold-76683.html,trusted_secondary
c109,https://www.fragrantica.com/perfume/Marc-Antoine-Barrois/Ganymede-54720.html,trusted_secondary
c103,https://www.fragrantica.com/perfume/BDK-Parfums/Gris-Charnel-57038.html,trusted_secondary
c120,https://www.fragrantica.com/perfume/Bvlgari/Tygar-41222.html,trusted_secondary
c099,https://www.fragrantica.com/perfume/Montale/Arabians-Tonka-57384.html,trusted_secondary
c113,https://www.fragrantica.com/perfume/Memo-Paris/African-Leather-31383.html,trusted_secondary
c100,https://www.fragrantica.com/perfume/Montale/Intense-Cafe-18021.html,trusted_secondary
c045,https://www.fragrantica.com/perfume/Maison-Francis-Kurkdjian/Grand-Soir-40816.html,trusted_secondary
c105,https://www.fragrantica.com/perfume/Goldfield-Banks-Australia/Pacific-Rock-Moss-44120.html,trusted_secondary
c043,https://www.fragrantica.com/perfume/Maison-Francis-Kurkdjian/Gentle-Fluidity-Silver-53400.html,trusted_secondary
c060,https://www.fragrantica.com/perfume/Initio-Parfums-Prives/Rehab-50351.html,trusted_secondary
c106,https://www.fragrantica.com/perfume/Goldfield-Banks-Australia/Bohemian-Lime-60923.html,trusted_secondary
c110,https://www.fragrantica.com/perfume/Marc-Antoine-Barrois/B683-46802.html,trusted_secondary
c062,https://www.fragrantica.com/perfume/Initio-Parfums-Prives/Paragon-76580.html,trusted_secondary
c114,https://www.fragrantica.com/perfume/Memo-Paris/Irish-Leather-18393.html,trusted_secondary
c044,https://www.fragrantica.com/perfume/Maison-Francis-Kurkdjian/Gentle-Fluidity-Gold-53401.html,trusted_secondary
c063,https://www.fragrantica.com/perfume/Nishane/Hacivat-44174.html,trusted_secondary
c067,https://www.fragrantica.com/perfume/By-Kilian/Black-Phantom-43632.html,trusted_secondary
c069,https://www.fragrantica.com/perfume/Le-Labo/Another-13-10131.html,trusted_secondary
c078,https://www.fragrantica.com/perfume/Aesop/Hwyl-46895.html,trusted_secondary
c070,https://www.fragrantica.com/perfume/Le-Labo/The-Noir-29-31872.html,trusted_secondary
c079,https://www.fragrantica.com/perfume/Aesop/Tacit-32134.html,trusted_secondary
c072,https://www.fragrantica.com/perfume/Escentric-Molecules/Molecule-02-3606.html,trusted_secondary
c071,https://www.fragrantica.com/perfume/Le-Labo/Bergamote-22-6327.html,trusted_secondary
c073,https://www.fragrantica.com/perfume/Escentric-Molecules/Molecule-04-44315.html,trusted_secondary
c077,https://www.fragrantica.com/perfume/Comme-des-Garcons/Blackpepper-40188.html,trusted_secondary
c091,https://www.fragrantica.com/perfume/Tauer-Perfumes/L-Air-du-Desert-Marocain-4573.html,trusted_secondary
c095,https://www.fragrantica.com/perfume/Orto-Parisi/Megamare-53471.html,trusted_secondary
c108,https://www.fragrantica.com/perfume/Maison-Crivelli/Oud-Maracuja-83842.html,trusted_secondary
c111,https://www.fragrantica.com/perfume/Les-Liquides-Imaginaires/Blanche-Bete-70189.html,trusted_secondary
c107,https://www.fragrantica.com/perfume/Maison-Crivelli/Hibiscus-Mahajad-69069.html,trusted_secondary
c116,https://www.fragrantica.com/perfume/Penhaligon-s/The-Tragedy-of-Lord-George-40716.html,trusted_secondary
c096,https://www.fragrantica.es/perfume/Orto-Parisi/Terroni-45475.html,trusted_secondary
c112,https://www.fragrantica.com/perfume/Les-Liquides-Imaginaires/Dom-Rosa-23083.html,trusted_secondary
c087,https://www.fragrantica.com/perfume/Roja-Dove/Enigma-Pour-Homme-20559.html,trusted_secondary
c047,https://www.fragrantica.com/perfume/Parfums-de-Marly/Althair-84109.html,trusted_secondary
c057,https://www.fragrantica.com/perfume/Xerjoff/Torino21-70424.html,trusted_secondary
c065,https://www.fragrantica.com/perfume/Nishane/Wulong-Cha-30567.html,trusted_secondary
c098,https://www.fragrantica.com/perfume/Mancera/Aoud-Lemon-Mint-39181.html,trusted_secondary
